,Supplier_Lead_Time,Inventory_Levels,Order_Frequency,Delivery_Performance,Cost_Per_Unit
Supplier_Lead_Time,100.0,24.09501071650243,-86.83976220861322,-92.0436465258521,97.21625820448992
Inventory_Levels,24.09501071650243,100.0,-23.98288870818397,-23.24819860953192,25.336734497285203
Order_Frequency,-86.83976220861322,-23.98288870818397,100.0,77.84165215972088,-84.78874301299237
Delivery_Performance,-92.0436465258521,-23.24819860953192,77.84165215972088,100.0,-93.55958846546592
Cost_Per_Unit,97.21625820448992,25.336734497285203,-84.78874301299237,-93.55958846546592,100.0
